date,open,high,low,close,volume
2024-05-09 04:00:00,381.79,387.33,380.69,385.45,882194.0
2024-05-10 04:00:00,385.55,389.76,383.88,386.7,853114.0
2024-05-13 04:00:00,389.16,389.16,380.65,380.88,1070927.0
2024-05-14 04:00:00,382.4,384.805,379.67,384.19,913529.0
2024-05-15 04:00:00,387.22,399.66,386.0,399.39,1200770.0
2024-05-16 04:00:00,398.28,401.36,396.02,396.43,1083935.0
2024-05-17 04:00:00,396.19,398.96,393.9777,398.82,720293.0
2024-05-20 04:00:00,398.58,400.41,395.6,400.03,951293.0
2024-05-21 04:00:00,400.0,403.0,397.1,402.11,1283375.0
2024-05-22 04:00:00,402.56,408.43,399.17,400.9,1355669.0
2024-05-23 04:00:00,402.47,405.38,396.38,398.39,1189539.0
2024-05-24 04:00:00,397.61,407.33,397.01,404.85,1082160.0
2024-05-28 04:00:00,403.845,405.99,398.29,401.03,964207.0
2024-05-29 04:00:00,396.59,403.0,396.151,398.4,958223.0
2024-05-30 04:00:00,405.0,412.29,400.49,403.39,1651082.0
2024-05-31 04:00:00,404.94,408.9,396.48,402.12,1983052.0
2024-06-03 04:00:00,402.89,405.33,398.6025,403.86,913144.0
2024-06-04 04:00:00,402.55,408.01,397.47,406.61,936150.0
2024-06-05 04:00:00,407.72,418.14,407.33,417.24,2226648.0
2024-06-06 04:00:00,413.92,419.17,405.08,418.15,1733351.0
2024-06-07 04:00:00,418.13,420.57,415.8,417.61,1199562.0
2024-06-10 04:00:00,416.6,419.87,413.5224,418.38,815834.0
2024-06-11 04:00:00,417.04,420.22,415.2,418.78,907852.0
2024-06-12 04:00:00,421.06,428.86,420.86,428.1,1251686.0
2024-06-13 04:00:00,424.74,428.0,422.51,422.9,1142897.0
2024-06-14 04:00:00,418.8,426.315,413.98,425.78,940996.0
2024-06-17 04:00:00,425.36,431.6,423.58,430.0,1125221.0
2024-06-18 04:00:00,429.05,436.94,428.75,435.0,1384583.0
2024-06-20 04:00:00,435.99,437.2,428.67,432.55,1291429.0
2024-06-21 04:00:00,436.08,436.08,430.0,432.56,2769405.0
2024-06-24 04:00:00,432.78,435.7,426.97,429.04,1610409.0
2024-06-25 04:00:00,431.12,443.81,430.49,442.31,2636985.0
2024-06-26 04:00:00,441.25,443.83,437.71,442.56,1360337.0
2024-06-27 04:00:00,442.1,445.79,439.61,445.11,1226026.0
2024-06-28 04:00:00,444.74,447.11,441.49,444.85,3092487.0
2024-07-01 04:00:00,445.85,448.1,433.79,436.24,1658861.0
2024-07-02 04:00:00,436.31,439.6433,432.2,438.81,1091594.0
2024-07-03 04:00:00,439.0,439.0,432.9,434.81,826374.0
2024-07-05 04:00:00,437.94,445.05,433.44,443.76,1114523.0
2024-07-08 04:00:00,442.04,445.96,441.56,444.53,1280739.0
2024-07-09 04:00:00,447.62,447.62,441.27,442.3,889602.0
2024-07-10 04:00:00,441.69,445.48,438.85,444.74,1082924.0
2024-07-11 04:00:00,444.74,449.0,442.7,443.5,1818580.0
2024-07-12 04:00:00,442.84,447.14,439.61,444.16,1151601.0
2024-07-15 04:00:00,444.0,444.395,433.9101,437.25,1573083.0
2024-07-16 04:00:00,440.84,442.0925,433.22,438.01,1436106.0
2024-07-17 04:00:00,430.01,436.325,426.01,426.23,2388617.0
2024-07-18 04:00:00,425.0,427.33,413.82,416.14,3856042.0
2024-07-19 04:00:00,449.43,456.81,439.0,455.01,4201310.0
2024-07-22 04:00:00,462.33,468.7799,459.18,461.12,2574379.0
2024-07-23 04:00:00,459.1,462.61,454.36,455.06,1753079.0
2024-07-24 04:00:00,455.25,460.59,452.25,454.02,2296520.0
2024-07-25 04:00:00,453.22,457.37,436.2,436.74,1819212.0
2024-07-26 04:00:00,438.6,446.16,432.87,441.3,1196597.0
2024-07-29 04:00:00,446.6,448.27,439.41,443.66,1120461.0
2024-07-30 04:00:00,443.66,448.575,431.56,432.69,1547686.0
2024-07-31 04:00:00,438.5,447.31,432.405,444.61,1763234.0
2024-08-01 04:00:00,443.3,452.72,443.3,450.94,2017899.0
2024-08-02 04:00:00,455.73,455.73,439.89,449.73,2059603.0
2024-08-05 04:00:00,437.55,444.575,429.6,438.0,2465683.0
2024-08-06 04:00:00,439.01,456.24,438.66,447.66,1686070.0
2024-08-07 04:00:00,452.0,461.7099,448.5901,449.26,1713170.0
2024-08-08 04:00:00,453.6,464.135,451.06,463.61,1289298.0
2024-08-09 04:00:00,462.59,465.7,460.12,463.425,1022572.0
2024-08-12 04:00:00,464.76,466.815,458.265,465.53,1013878.0
2024-08-13 04:00:00,468.23,470.49,463.01,469.23,891659.0
2024-08-14 04:00:00,468.78,473.75,466.34,471.21,1109652.0
2024-08-15 04:00:00,476.87,480.54,474.16,480.17,1599862.0
2024-08-16 04:00:00,478.01,482.4999,477.1,478.98,809102.0
2024-08-19 04:00:00,475.44,482.78,475.44,482.16,977879.0
2024-08-20 04:00:00,483.0,488.48,482.326,483.21,885479.0
2024-08-21 04:00:00,484.2,488.47,482.0001,487.42,886439.0
2024-08-22 04:00:00,490.0,491.83,486.92,490.43,1137808.0
2024-08-23 04:00:00,492.62,493.97,478.18,486.55,1155222.0
2024-08-26 04:00:00,486.88,487.275,476.88,479.19,1170898.0
2024-08-27 04:00:00,478.44,483.57,477.0,482.35,939971.0
2024-08-28 04:00:00,482.93,485.36,479.24,482.21,960082.0
2024-08-29 04:00:00,482.21,491.66,481.25,487.17,939699.0
2024-08-30 04:00:00,489.16,493.44,485.28,492.63,1097792.0
2024-09-03 04:00:00,491.67,493.42,480.8,483.44,1356285.0
2024-09-04 04:00:00,480.96,484.645,478.28,481.73,1321044.0
2024-09-05 04:00:00,480.32,480.32,468.458,476.69,1194761.0
2024-09-06 04:00:00,476.92,478.25,466.0,471.82,1700169.0
2024-09-09 04:00:00,475.0,479.99,473.98,479.39,1121534.0
2024-09-10 04:00:00,477.5,484.79,477.5,484.24,1006475.0
2024-09-11 04:00:00,484.18,491.83,477.08,490.93,1239274.0
2024-09-12 04:00:00,491.91,494.15,486.05,494.01,1128767.0
2024-09-13 04:00:00,490.28,496.18,489.19,489.86,1238094.0
2024-09-16 04:00:00,493.47,494.01,488.5683,491.39,921409.0
2024-09-17 04:00:00,491.27,491.27,482.375,483.32,1162561.0
2024-09-18 04:00:00,484.21,488.7473,479.58,482.09,982261.0
2024-09-19 04:00:00,492.0,492.74,486.98,490.01,1225044.0
2024-09-20 04:00:00,485.11,486.3,480.16,486.2,2734099.0
2024-09-23 04:00:00,488.5,491.8324,486.27,489.07,927220.0
2024-09-24 04:00:00,490.51,490.51,482.35,484.4,1120916.0
2024-09-25 04:00:00,486.0,487.1167,482.29,484.39,897792.0
2024-09-26 04:00:00,488.25,490.95,484.76,486.33,871630.0
2024-09-27 04:00:00,490.03,490.03,478.57,479.18,1013377.0
2024-09-30 04:00:00,480.0,492.25,478.69,491.27,1654679.0
2024-10-01 04:00:00,492.5,496.48,481.71,484.76,1181142.0
2024-10-02 04:00:00,482.72,489.71,478.62,486.62,740933.0
2024-10-03 04:00:00,484.42,486.0,478.5586,479.63,764687.0
2024-10-04 04:00:00,484.45,484.45,476.5968,481.95,903893.0
2024-10-07 04:00:00,476.86,479.305,470.06,471.23,1175190.0
2024-10-08 04:00:00,473.79,482.88,473.79,480.785,1040425.0
2024-10-09 04:00:00,480.595,490.58,478.49,490.38,1061187.0
2024-10-10 04:00:00,486.23,488.2627,483.2,483.84,942178.0
2024-10-11 04:00:00,486.0,487.58,483.12,484.78,1170154.0
2024-10-14 04:00:00,487.04,488.63,483.9685,487.61,883621.0
2024-10-15 04:00:00,488.0,489.625,476.675,478.47,1313339.0
2024-10-16 04:00:00,478.11,479.5199,473.505,476.59,1037657.0
2024-10-17 04:00:00,481.06,481.06,472.12,473.73,1959034.0
2024-10-18 04:00:00,496.0,523.34,495.0,521.15,4059157.0
2024-10-21 04:00:00,519.04,522.665,514.55,518.86,1309589.0
2024-10-22 04:00:00,515.0,519.18,511.81,517.5,1341519.0
2024-10-23 04:00:00,513.89,516.0,507.28,512.58,1119984.0
2024-10-24 04:00:00,510.79,515.31,509.78,511.63,755449.0
2024-10-25 04:00:00,514.0,516.8928,510.46,511.27,982549.0
2024-10-28 04:00:00,513.66,514.325,508.28,510.88,842909.0
2024-10-29 04:00:00,506.52,517.5,504.35,516.31,1065041.0
2024-10-30 04:00:00,516.56,516.9899,508.01,513.77,1113145.0
2024-10-31 04:00:00,510.01,511.06,500.67,503.84,1468858.0
2024-11-01 04:00:00,502.02,510.8094,502.01,506.34,1041997.0
2024-11-04 05:00:00,504.32,511.205,503.85,507.42,849671.0
2024-11-05 05:00:00,506.33,518.25,506.33,515.17,1113407.0
2024-11-06 05:00:00,523.13,525.0,506.8,515.55,1776420.0
2024-11-07 05:00:00,516.0,524.825,515.58,524.28,1209283.0
2024-11-08 05:00:00,525.5,538.49,524.0,536.45,1427803.0
2024-11-11 05:00:00,539.89,542.5899,534.57,535.75,2097917.0
2024-11-12 05:00:00,534.0,538.905,531.69,537.07,1456091.0
2024-11-13 05:00:00,535.43,540.02,534.04,536.69,1405226.0
2024-11-14 05:00:00,537.36,544.38,537.13,537.8,1908430.0
2024-11-15 05:00:00,533.21,536.98,526.71,527.61,1447901.0
2024-11-18 05:00:00,527.36,537.53,526.6067,531.64,1268101.0
2024-11-19 05:00:00,527.57,540.08,526.01,538.82,1143225.0
2024-11-20 05:00:00,538.78,542.37,533.83,541.82,985043.0
2024-11-21 05:00:00,544.85,551.78,540.355,550.62,1396346.0
2024-11-22 05:00:00,549.84,552.0,541.99,547.87,1375537.0
2024-11-25 05:00:00,548.82,549.31,533.56,536.55,2077227.0
2024-11-26 05:00:00,542.06,544.9999,537.28,542.1,1152817.0
2024-11-27 05:00:00,543.08,543.97,538.23,538.55,938549.0
2024-11-29 05:00:00,539.0,543.17,536.03,542.0,718571.0
2024-12-02 05:00:00,546.3,546.45,540.1955,542.85,1005366.0
2024-12-03 05:00:00,537.02,541.99,533.01,541.71,1379372.0
2024-12-04 05:00:00,542.01,552.08,539.195,549.95,1350440.0
2024-12-05 05:00:00,548.0,551.81,544.43,547.65,945513.0
2024-12-06 05:00:00,548.21,556.23,548.21,550.41,1026321.0
2024-12-09 05:00:00,552.31,553.5607,532.14,538.86,1429189.0
2024-12-10 05:00:00,540.155,543.325,536.68,538.09,1047954.0
2024-12-11 05:00:00,538.22,548.5299,538.22,543.6,999713.0
2024-12-12 05:00:00,543.1,550.47,541.37,544.72,1213291.0
2024-12-13 05:00:00,542.59,547.1,539.03,539.58,1071762.0
2024-12-16 05:00:00,539.975,547.9,539.11,541.99,1534879.0
2024-12-17 05:00:00,539.495,546.01,531.42,545.16,1476040.0
2024-12-18 05:00:00,543.12,547.189,526.23,526.47,1488083.0
2024-12-19 05:00:00,532.735,536.5,523.41,523.91,2066806.0
2024-12-20 05:00:00,521.45,530.9738,516.18,524.43,3934186.0
2024-12-23 05:00:00,524.88,527.9424,520.03,527.22,1070062.0
2024-12-24 05:00:00,528.005,537.36,527.26,537.02,629180.0
2024-12-26 05:00:00,534.86,540.13,533.99,538.83,767024.0
2024-12-27 05:00:00,536.01,537.34,529.31,534.88,1013217.0
2024-12-30 05:00:00,528.43,529.02,520.56,526.96,900000.0
2024-12-31 05:00:00,527.77,529.81,520.0101,521.96,884011.0
2025-01-02 05:00:00,521.19,528.89,520.9175,524.03,907705.0
2025-01-03 05:00:00,527.605,536.65,525.345,535.295,1250986.0
2025-01-06 05:00:00,535.29,543.74,532.15,542.37,1229214.0
2025-01-07 05:00:00,547.675,550.0,530.45,531.88,1589730.0
2025-01-08 05:00:00,533.33,547.4727,532.0,544.02,1359579.0
2025-01-10 05:00:00,540.56,550.18,537.17,547.47,1732379.0
2025-01-13 05:00:00,543.4,543.7544,530.25,539.75,1461405.0
2025-01-14 05:00:00,539.28,544.55,535.59,538.88,1355120.0
2025-01-15 05:00:00,555.05,584.6,549.17,580.11,3553382.0
2025-01-16 05:00:00,582.6,585.5,573.0,584.08,2119549.0
2025-01-17 05:00:00,597.68,597.68,583.24,592.64,2635153.0
2025-01-21 05:00:00,598.11,606.27,593.815,604.12,1993501.0
2025-01-22 05:00:00,608.025,614.72,602.45,610.45,2100566.0
2025-01-23 05:00:00,612.0,616.0,602.0,608.66,2322245.0
2025-01-24 05:00:00,581.9,591.91,573.32,584.05,4357650.0
2025-01-27 05:00:00,574.68,579.34,563.35,573.48,2441593.0
2025-01-28 05:00:00,566.6,584.48,563.85,574.14,2332427.0
2025-01-29 05:00:00,571.11,578.41,569.49,572.71,1597890.0
2025-01-30 05:00:00,581.24,584.4227,577.35,580.18,1986680.0
2025-01-31 05:00:00,576.74,586.89,570.86,571.88,1828397.0
2025-02-03 05:00:00,564.87,583.5759,563.2676,578.55,1829795.0
2025-02-04 05:00:00,573.21,582.85,573.08,579.65,1407199.0
2025-02-05 05:00:00,580.46,592.64,580.16,590.9,1521646.0
2025-02-06 05:00:00,592.78,592.8599,585.4,588.5,1008187.0
2025-02-07 05:00:00,590.5,594.0807,582.155,582.98,1053560.0
2025-02-10 05:00:00,590.0,595.96,586.7749,595.7,1248283.0
2025-02-11 05:00:00,591.23,592.83,587.0,591.65,837339.0
2025-02-12 05:00:00,586.49,591.82,581.055,589.61,1115443.0
2025-02-13 05:00:00,590.86,593.17,583.2333,591.39,1270510.0
2025-02-14 05:00:00,593.16,599.26,588.52,595.55,1189193.0
2025-02-18 05:00:00,595.455,601.59,586.6141,600.89,1695961.0
2025-02-19 05:00:00,601.33,609.08,596.47,608.48,1285203.0
2025-02-20 05:00:00,607.15,608.165,597.77,606.57,1328222.0
2025-02-21 05:00:00,605.09,607.35,590.365,591.79,1675064.0
2025-02-24 05:00:00,594.47,600.58,590.66,591.01,1441484.0
2025-02-25 05:00:00,583.7,584.8766,556.2,573.74,2549482.0
2025-02-26 05:00:00,570.85,586.74,569.6401,580.93,1098255.0
2025-02-27 05:00:00,581.83,583.25,562.4,563.77,1482863.0
2025-02-28 05:00:00,566.95,574.0,556.75,573.15,2401366.0
2025-03-03 05:00:00,573.78,584.9,563.96,566.98,1708338.0
2025-03-04 05:00:00,563.69,565.8,545.5366,557.96,2209644.0
2025-03-05 05:00:00,554.17,569.0,554.17,568.02,2039316.0
2025-03-06 05:00:00,558.95,561.69,537.5088,538.57,2367225.0
2025-03-07 05:00:00,533.18,534.24,502.84,518.26,3688221.0
2025-03-10 04:00:00,503.91,503.91,476.3713,482.61,5517403.0
2025-03-11 04:00:00,481.23,496.185,478.45,493.72,3223423.0
2025-03-12 04:00:00,511.06,519.51,496.305,497.3,2558661.0
2025-03-13 04:00:00,498.71,500.76,474.37,476.78,3645365.0
2025-03-14 04:00:00,482.69,492.28,476.57,484.44,4239164.0
2025-03-17 04:00:00,480.0,495.82,474.9,488.8,3211524.0
2025-03-18 04:00:00,487.34,488.55,478.41,483.95,1728829.0
2025-03-19 04:00:00,486.0,496.2685,482.8,492.06,2098371.0
2025-03-20 04:00:00,490.4,500.29,490.28,491.81,2108828.0
2025-03-21 04:00:00,483.11,492.75,477.275,492.49,3377219.0
2025-03-24 04:00:00,504.74,510.78,501.8422,508.58,1905501.0
2025-03-25 04:00:00,514.0,520.39,511.95,519.81,2527061.0
2025-03-26 04:00:00,520.89,520.89,506.69,509.03,1980609.0
2025-03-27 04:00:00,505.98,513.05,502.2882,507.9,1472911.0
2025-03-28 04:00:00,505.06,505.19,488.57,491.84,1967313.0
2025-03-31 04:00:00,484.46,497.77,479.48,495.27,2290143.0
2025-04-01 04:00:00,492.26,497.3,486.2389,496.36,1609933.0
2025-04-02 04:00:00,488.6,508.62,486.43,507.05,1432212.0
2025-04-03 04:00:00,487.58,504.09,484.88,494.61,2728982.0
2025-04-04 04:00:00,476.84,480.56,451.02,451.58,4108594.0
2025-04-07 04:00:00,430.97,479.89,425.0,463.62,4125755.0
2025-04-08 04:00:00,479.58,488.47,450.91,457.63,3157477.0
2025-04-09 04:00:00,450.0,529.189,442.9,522.95,6036968.0
2025-04-10 04:00:00,509.0,510.6,472.02,489.52,4056227.0
2025-04-11 04:00:00,489.27,496.605,480.29,493.6,2843731.0
2025-04-14 04:00:00,502.27,506.142,487.2022,490.13,1518495.0
2025-04-15 04:00:00,487.46,494.64,483.69,488.27,1733370.0
2025-04-16 04:00:00,483.9,492.04,477.62,481.34,1990811.0
2025-04-17 04:00:00,484.85,489.245,481.39,482.74,1625851.0
2025-04-21 04:00:00,475.94,478.9,463.05,468.32,2648532.0
2025-04-22 04:00:00,475.53,482.59,464.71,478.74,3114427.0
2025-04-23 04:00:00,500.0,517.31,485.09,487.93,3769985.0
2025-04-24 04:00:00,490.82,511.755,489.43,508.13,2287128.0
2025-04-25 04:00:00,513.18,515.36,505.7517,514.59,2016172.0
2025-04-28 04:00:00,515.91,518.4,508.17,514.01,1388123.0
2025-04-29 04:00:00,512.9,516.78,507.51,514.89,1321642.0
2025-04-30 04:00:00,509.99,517.6,501.67,515.8,1652193.0
2025-05-01 04:00:00,518.12,524.44,512.67,517.18,1673361.0
2025-05-02 04:00:00,526.74,535.6,525.02,529.42,1440695.0
2025-05-05 04:00:00,528.32,536.0599,522.945,531.82,1375990.0
2025-05-06 04:00:00,526.16,533.56,523.59,530.46,1128128.0
2025-05-07 04:00:00,532.74,539.05,528.87,536.15,1311721.0
2025-05-08 04:00:00,540.0,546.559,538.01,538.16,1472798.0
2025-05-09 04:00:00,540.0,542.7403,532.9,536.51,925686.0
2025-05-12 04:00:00,551.97,561.615,547.68,561.43,2037100.0
2025-05-13 04:00:00,561.67,568.69,559.88,563.95,1529396.0
2025-05-14 04:00:00,563.0,566.8,560.29,565.94,1409900.0
2025-05-15 04:00:00,559.32,564.06,549.55,560.28,1794742.0
2025-05-16 04:00:00,563.575,563.94,555.62,563.6,1422892.0
2025-05-19 04:00:00,554.34,562.605,553.94,561.63,1420405.0
2025-05-20 04:00:00,557.29,558.0,553.0,557.16,1234950.0
2025-05-21 04:00:00,556.56,558.76,545.525,547.07,1507978.0
2025-05-22 04:00:00,544.81,546.0356,540.785,542.67,1129129.0
2025-05-23 04:00:00,535.5,542.0663,529.15,539.54,1138633.0
2025-05-27 04:00:00,548.66,553.16,547.0858,550.19,1244613.0
2025-05-28 04:00:00,550.51,556.16,549.43,552.41,1012083.0
2025-05-29 04:00:00,556.47,559.8,551.4,555.75,1139292.0
2025-05-30 04:00:00,554.52,555.0,545.73,552.34,2091285.0
2025-06-02 04:00:00,549.06,554.697,542.52,553.29,1059656.0
2025-06-03 04:00:00,550.68,555.13,548.015,551.85,1714425.0
2025-06-04 04:00:00,552.575,559.69,550.9301,557.95,1147608.0
2025-06-05 04:00:00,560.7,563.9442,557.21,558.06,1243772.0
2025-06-06 04:00:00,562.18,564.15,555.76,557.08,1104248.0
2025-06-09 04:00:00,531.5,531.5875,498.1672,526.15,4806226.0
2025-06-10 04:00:00,525.81,531.93,520.3,529.6,2027596.0
2025-06-11 04:00:00,529.14,529.3401,521.5,522.41,1676780.0
2025-06-12 04:00:00,520.255,522.0,511.7601,513.0,2392799.0
2025-06-13 04:00:00,503.29,518.17,500.29,512.18,2183014.0
2025-06-16 04:00:00,514.0,523.53,514.0,519.04,1514611.0
2025-06-17 04:00:00,515.81,517.72,508.99,512.11,1506320.0
2025-06-18 04:00:00,512.11,513.96,506.535,509.49,1174182.0
2025-06-20 04:00:00,514.7,515.01,508.76,509.36,2829911.0
2025-06-23 04:00:00,508.0,515.36,503.18,515.09,1218823.0
2025-06-24 04:00:00,518.805,523.97,510.78,523.08,1593846.0
2025-06-25 04:00:00,524.3,528.14,521.26,521.63,1178142.0
2025-06-26 04:00:00,527.01,539.6342,525.84,534.19,1966309.0
2025-06-27 04:00:00,536.87,544.24,533.085,533.71,2016530.0
2025-06-30 04:00:00,534.42,544.5,534.42,543.41,1584282.0
2025-07-01 04:00:00,542.58,545.81,531.675,537.99,1649400.0
2025-07-02 04:00:00,535.34,550.7,535.34,540.6,1487572.0
2025-07-03 04:00:00,543.93,547.0,542.39,544.47,704714.0
2025-07-07 04:00:00,543.23,544.88,532.88,534.71,1191788.0
2025-07-08 04:00:00,534.0,539.59,525.665,527.3,1609097.0
2025-07-09 04:00:00,529.82,530.7099,523.16,528.13,1381024.0
2025-07-10 04:00:00,527.1,528.55,520.25,526.05,1424633.0
2025-07-11 04:00:00,522.87,522.87,508.13,512.06,2951555.0
2025-07-14 04:00:00,509.88,522.1,509.88,516.44,2083003.0
2025-07-15 04:00:00,519.21,521.28,510.8402,512.23,1674283.0
2025-07-16 04:00:00,512.51,515.14,506.2105,512.64,1863659.0
2025-07-17 04:00:00,510.83,517.67,509.25,516.16,2003457.0
2025-07-18 04:00:00,520.21,520.963,513.27,518.62,1904121.0
2025-07-21 04:00:00,518.185,523.09,514.955,516.12,1639663.0
2025-07-22 04:00:00,516.05,519.83,508.27,511.0,2416696.0
2025-07-23 04:00:00,522.5,530.35,491.855,501.95,4659926.0
2025-07-24 04:00:00,503.52,505.74,486.54,488.61,2607994.0
2025-07-25 04:00:00,492.48,497.5,490.76,495.86,1871331.0
2025-07-28 04:00:00,498.0,502.81,493.22,493.95,2473749.0
2025-07-29 04:00:00,497.25,502.42,496.17,496.87,1831283.0
2025-07-30 04:00:00,497.71,503.215,496.9475,500.51,1758775.0
2025-07-31 04:00:00,497.24,498.965,479.6,481.09,2602193.0
2025-08-01 04:00:00,475.46,486.06,473.24,483.12,2983128.0
2025-08-04 04:00:00,486.75,490.0,478.82,483.36,2493666.0
2025-08-05 04:00:00,483.22,486.51,476.75,477.0,2610355.0
2025-08-06 04:00:00,477.04,480.9909,473.26,474.06,2191659.0
2025-08-07 04:00:00,478.42,479.133,463.9,469.81,1777865.0
2025-08-08 04:00:00,470.74,474.08,469.11,470.08,1446184.0
2025-08-11 04:00:00,468.16,475.825,468.05,471.85,1418260.0
2025-08-12 04:00:00,473.57,479.4648,473.0,478.19,1529677.0
2025-08-13 04:00:00,481.63,482.69,474.9063,482.35,1740620.0
2025-08-14 04:00:00,482.5,483.6,473.79,477.08,1894945.0
2025-08-15 04:00:00,480.02,482.035,476.5,480.26,1436548.0
2025-08-18 04:00:00,480.84,487.2,479.66,481.28,1640809.0
2025-08-19 04:00:00,480.985,485.53,476.8,479.2,1884868.0
2025-08-20 04:00:00,479.39,483.635,478.08,480.45,1409563.0
2025-08-21 04:00:00,478.22,479.32,461.25,469.88,2465614.0
2025-08-22 04:00:00,473.0,478.9699,469.845,476.16,2024173.0
2025-08-25 04:00:00,475.25,477.865,467.8,468.44,1662340.0
2025-08-26 04:00:00,468.64,474.585,464.8,474.26,2931060.0
2025-08-27 04:00:00,471.35,475.5983,470.13,471.15,1618945.0
2025-08-28 04:00:00,470.86,474.24,468.0,473.84,1549002.0
2025-08-29 04:00:00,474.23,475.4,468.775,473.295,1654193.0
2025-09-02 04:00:00,470.56,472.565,464.75,469.07,2230380.0
2025-09-03 04:00:00,470.11,471.0,434.8,441.18,5051679.0
2025-09-04 04:00:00,440.69,455.28,437.41,454.52,3939616.0
2025-09-05 04:00:00,454.83,467.99,454.78,466.86,2623565.0
2025-09-08 04:00:00,466.7,470.28,462.62,470.0,1936848.0
2025-09-09 04:00:00,470.0,472.69,464.36,467.54,1489441.0
2025-09-10 04:00:00,467.99,468.04,446.53,449.98,2560306.0
2025-09-11 04:00:00,451.155,463.05,449.75,455.85,2180419.0
2025-09-12 04:00:00,453.19,454.15,448.15,449.68,2219085.0
2025-09-15 04:00:00,449.29,450.58,433.02,433.99,3474807.0
2025-09-16 04:00:00,433.65,437.17,429.72,434.5,2940457.0
2025-09-17 04:00:00,434.6,438.785,430.59,433.66,1638227.0
2025-09-18 04:00:00,435.0,436.33,429.8,435.83,1980565.0
2025-09-19 04:00:00,439.46,440.5,434.74,438.72,3780685.0
2025-09-22 04:00:00,438.12,447.13,433.81,444.55,2653124.0
2025-09-23 04:00:00,444.75,450.985,443.17,447.75,2241538.0
2025-09-24 04:00:00,450.94,451.3373,443.55,443.99,2437212.0
2025-09-25 04:00:00,440.39,442.17,433.43,438.12,3128958.0
2025-09-26 04:00:00,441.43,443.455,438.5,441.12,1940782.0
2025-09-29 04:00:00,442.06,443.26,437.765,439.22,3024768.0
2025-09-30 04:00:00,439.0,448.19,438.0,447.23,2134616.0
2025-10-01 04:00:00,447.0,448.31,430.34,438.04,2502301.0
2025-10-02 04:00:00,437.12,443.36,433.0,443.01,1910760.0
2025-10-03 04:00:00,443.845,456.59,443.49,452.35,2197723.0
2025-10-06 04:00:00,459.71,460.3,449.08,449.69,2478907.0
2025-10-07 04:00:00,449.24,451.0,439.47,440.94,1917506.0
2025-10-08 04:00:00,442.305,450.53,439.42,448.09,1767294.0
2025-10-09 04:00:00,447.76,450.29,443.26,443.76,1583787.0
2025-10-10 04:00:00,444.06,446.99,429.25,429.59,2773352.0
2025-10-13 04:00:00,432.43,438.1,430.0,435.73,1863239.0
2025-10-14 04:00:00,430.3,439.205,427.836,436.39,2086064.0
2025-10-15 04:00:00,437.0,440.82,432.78,435.61,1910711.0
2025-10-16 04:00:00,438.47,439.49,433.81,434.62,1966367.0
2025-10-17 04:00:00,437.17,449.09,434.57,446.13,2209171.0
2025-10-20 04:00:00,452.5,461.83,451.35,458.47,3409962.0
2025-10-21 04:00:00,459.47,466.9799,456.31,462.74,4779628.0
2025-10-22 04:00:00,543.0,549.85,522.1656,527.03,8347517.0
2025-10-23 04:00:00,525.37,552.5,525.0845,551.3,4011322.0
2025-10-24 04:00:00,547.625,552.45,541.46,546.51,2692341.0
2025-10-27 04:00:00,544.75,551.63,538.75,551.25,2135936.0
2025-10-28 04:00:00,546.62,552.2,539.0,545.39,1586355.0
2025-10-29 04:00:00,543.0,544.95,534.45,537.59,1721812.0
2025-10-30 04:00:00,534.37,538.0,529.308,530.02,1777005.0
2025-10-31 04:00:00,528.625,538.14,526.2,534.28,1757590.0
2025-11-03 05:00:00,532.055,544.84,527.6016,544.21,2075039.0
2025-11-04 05:00:00,545.09,546.0,535.4,538.82,1780182.0
2025-11-05 05:00:00,538.0,552.0,536.15,548.55,2863375.0
2025-11-06 05:00:00,547.03,548.55,538.07,547.78,2052472.0
2025-11-07 05:00:00,543.24,562.65,541.74,560.0,2712221.0
2025-11-10 05:00:00,560.0,578.3,560.0,576.2,3070217.0
2025-11-11 05:00:00,575.06,579.22,570.5,572.17,1609703.0
2025-11-12 05:00:00,574.13,580.47,569.71,572.45,1633565.0
2025-11-13 05:00:00,566.86,573.3221,561.0,565.51,2116672.0
2025-11-14 05:00:00,559.5,560.02,548.92,549.51,1880253.0
2025-11-17 05:00:00,546.57,554.35,544.11,546.71,1470228.0
2025-11-18 05:00:00,546.055,549.21,538.83,546.77,2297814.0
2025-11-19 05:00:00,544.925,566.86,544.19,564.64,2440596.0
2025-11-20 05:00:00,566.92,574.45,550.0,552.23,1909011.0
2025-11-21 05:00:00,551.165,564.0,548.042,561.61,2622700.0
2025-11-24 05:00:00,562.93,570.77,560.0,568.48,2399870.0
2025-11-25 05:00:00,564.44,580.0,561.29,578.87,1684785.0
2025-11-26 05:00:00,579.85,582.4147,573.75,574.23,1159299.0
2025-11-28 05:00:00,571.41,574.0,568.2737,573.48,1003935.0
2025-12-01 05:00:00,568.99,573.535,566.63,567.37,1206486.0
2025-12-02 05:00:00,568.6,570.75,561.39,567.72,1749169.0
2025-12-03 05:00:00,569.48,571.77,563.04,569.71,1090649.0
2025-12-04 05:00:00,571.98,574.23,564.72,568.63,1147842.0
2025-12-05 05:00:00,569.5,576.88,569.43,575.34,1097035.0
2025-12-08 05:00:00,576.15,576.15,562.67,566.89,1298899.0
2025-12-09 05:00:00,566.5,569.0,557.5,558.13,1229982.0
2025-12-10 05:00:00,557.76,560.05,546.55,555.92,1563110.0
2025-12-11 05:00:00,545.465,553.39,542.71,547.36,1573821.0
2025-12-12 05:00:00,546.0,548.99,537.69,542.32,2116297.0
2025-12-15 05:00:00,546.05,561.62,546.05,559.52,2928139.0
2025-12-16 05:00:00,559.05,559.69,546.1301,554.58,1959785.0
2025-12-17 05:00:00,554.68,561.455,554.0,556.86,1705846.0
2025-12-18 05:00:00,557.29,566.85,557.255,561.89,1545629.0
2025-12-19 05:00:00,561.63,574.57,561.31,572.47,4065269.0
2025-12-22 05:00:00,576.0,583.45,573.295,579.83,1453032.0
2025-12-23 05:00:00,577.135,579.2,573.6762,577.34,1283068.0
2025-12-24 05:00:00,577.34,579.85,575.03,577.15,355207.0
2025-12-26 05:00:00,578.21,579.4,575.96,577.81,494811.0
2025-12-29 05:00:00,577.81,580.5,574.215,575.4,695203.0
2025-12-30 05:00:00,572.21,574.77,570.45,572.63,725054.0
2025-12-31 05:00:00,572.5,573.28,565.77,566.36,992646.0
2026-01-02 05:00:00,566.78,567.39,555.4,561.98,1298044.0
2026-01-05 05:00:00,561.15,567.08,558.0,566.38,1393713.0
2026-01-06 05:00:00,565.0,594.62,564.345,592.85,2629499.0
2026-01-07 05:00:00,592.89,603.88,590.8,592.27,1863518.0
2026-01-08 05:00:00,582.685,589.95,582.685,585.08,1491551.0
2026-01-09 05:00:00,587.32,589.58,579.62,586.24,1490746.0
2026-01-12 05:00:00,581.97,582.19,566.8,572.745,1825950.0
2026-01-13 05:00:00,571.45,572.59,556.04,561.82,1515795.0
2026-01-14 05:00:00,533.96,551.0,528.0,546.76,3602486.0
2026-01-15 05:00:00,553.74,553.74,535.69,541.34,1909025.0
2026-01-16 05:00:00,542.0,543.0,532.6301,535.0,3015488.0
2026-01-20 05:00:00,527.0,532.605,525.23,527.44,2149740.0
2026-01-21 05:00:00,527.59,530.05,518.64,523.69,2033885.0
2026-01-22 05:00:00,525.405,532.0,522.72,525.81,2911761.0
2026-01-23 05:00:00,530.0,540.0,521.18,523.99,2799462.0
2026-01-26 05:00:00,523.945,533.97,518.65,528.81,2565374.0
2026-01-27 05:00:00,532.61,535.0,523.54,525.04,1503535.0
2026-01-28 05:00:00,523.91,529.36,520.24,522.04,1851332.0
2026-01-29 05:00:00,521.17,522.0,502.48,507.55,2167054.0
2026-01-30 05:00:00,506.7,511.03,501.385,504.22,1698700.0
2026-02-02 05:00:00,502.0,504.2,496.15,496.73,2133855.0
2026-02-03 05:00:00,495.21,499.0,476.79,478.88,3796796.0
2026-02-04 05:00:00,480.105,481.19,465.689,478.49,3405291.0
2026-02-05 05:00:00,482.78,489.51,475.17,476.32,2912016.0
2026-02-06 05:00:00,482.165,491.65,480.07,488.15,2521124.0
2026-02-09 05:00:00,486.05,493.54,483.9,492.84,2208124.0
2026-02-10 05:00:00,494.22,500.3756,493.5258,495.15,1813070.0
2026-02-11 05:00:00,492.75,500.34,490.66,496.12,1933675.0
2026-02-12 05:00:00,496.12,497.84,475.83,478.6,2966529.0
2026-02-13 05:00:00,480.5,495.57,479.61,485.84,1984623.0
2026-02-17 05:00:00,481.215,495.19,481.215,493.35,1583207.0
2026-02-18 05:00:00,494.24,502.88,490.6401,500.76,1464644.0
2026-02-19 05:00:00,495.71,503.73,495.25,499.53,1434178.0
2026-02-20 05:00:00,497.15,504.75,495.23,504.05,1553730.0
2026-02-23 05:00:00,498.88,502.7,486.45,492.1,1768038.0
2026-02-24 05:00:00,489.69,496.27,487.51,494.02,1406715.0
2026-02-25 05:00:00,494.0,506.52,494.0,506.17,2064060.0
2026-02-26 05:00:00,508.67,511.88,501.4001,506.88,1572752.0
2026-02-27 05:00:00,499.71,504.95,499.21,503.51,1636157.0
2026-03-02 05:00:00,492.59,499.623,490.4,496.25,1746335.0
2026-03-03 05:00:00,487.18,497.96,486.98,497.42,1843487.0
2026-03-04 05:00:00,495.19,505.4351,492.5,501.18,1503306.0
2026-03-05 05:00:00,495.2,502.48,488.81,496.7,1544610.0
2026-03-06 05:00:00,490.19,491.07,478.2,490.16,2090852.0
2026-03-09 04:00:00,485.01,493.89,480.23,493.56,1654080.0
2026-03-10 04:00:00,493.95,496.0,484.38,485.85,1550826.0
2026-03-11 04:00:00,489.23,493.58,479.11,492.87,1541222.0
2026-03-12 04:00:00,490.55,491.55,473.1,479.27,1808101.0
2026-03-13 04:00:00,478.0,482.68,458.0,472.16,2492706.0
2026-03-16 04:00:00,473.32,486.13,472.95,483.46,1299695.0
2026-03-17 04:00:00,487.54,494.43,482.19,482.76,1059354.0
2026-03-18 04:00:00,478.54,483.2625,472.34,477.73,1485902.0
2026-03-19 04:00:00,477.5,483.04,475.81,479.93,1260591.0
2026-03-20 04:00:00,480.3,484.92,473.19,477.97,2229904.0
2026-03-23 04:00:00,488.145,489.0,478.03,478.04,1503859.0
2026-03-24 04:00:00,473.75,476.13,468.3616,471.91,1334897.0
2026-03-25 04:00:00,474.46,480.18,468.5,469.98,1430492.0
2026-03-26 04:00:00,469.1,478.25,465.0,468.55,1607266.0
2026-03-27 04:00:00,465.42,466.2117,451.56,452.66,2110049.0
2026-03-30 04:00:00,453.046,459.0,450.27,452.775,2197950.0
2026-03-31 04:00:00,455.03,462.9999,448.4,460.99,1962422.0
2026-04-01 04:00:00,462.89,468.33,460.76,464.45,1429408.0
2026-04-02 04:00:00,456.26,463.93,450.4,452.07,1650286.0
2026-04-06 04:00:00,451.06,458.92,449.73,452.58,1155036.0
2026-04-07 04:00:00,451.005,453.42,447.775,452.95,1798961.0
2026-04-08 04:00:00,469.99,471.9799,460.24,462.28,2256056.0
2026-04-09 04:00:00,459.32,460.65,451.03,454.94,1554056.0
2026-04-10 04:00:00,455.69,455.79,448.22,450.62,1469123.0
2026-04-13 04:00:00,448.17,459.25,448.17,458.96,1693477.0
2026-04-14 04:00:00,459.93,471.24,459.5,467.22,1975843.0
2026-04-15 04:00:00,469.55,473.99,465.79,468.36,1937256.0
2026-04-16 04:00:00,469.08,471.8,454.0,458.08,2212939.0
2026-04-17 04:00:00,463.6,474.28,463.02,469.21,2723238.0
2026-04-20 04:00:00,471.355,472.5699,463.65,465.6,2444572.0
2026-04-21 04:00:00,469.05,471.0795,451.29,451.29,3382962.0
2026-04-22 04:00:00,461.36,491.15,460.01,483.62,4441160.0
2026-04-23 04:00:00,484.498,489.86,477.1901,478.82,2891886.0
2026-04-24 04:00:00,480.75,482.84,471.0,482.22,2657348.0
2026-04-27 04:00:00,481.0,486.7742,469.2,470.99,2030610.0
2026-04-28 04:00:00,472.42,473.86,463.38,466.64,1839048.0
2026-04-29 04:00:00,463.5,463.5,449.59,453.83,2063023.0
2026-04-30 04:00:00,452.68,458.29,449.8298,457.61,2003075.0
2026-05-01 04:00:00,458.86,463.14,456.355,457.78,1464683.0
2026-05-04 04:00:00,457.56,461.235,449.23,452.35,1800729.0
2026-05-05 04:00:00,453.925,458.26,441.98,451.38,2955345.0
2026-05-06 04:00:00,451.615,455.0,446.9001,451.73,1985674.0
2026-05-07 04:00:00,453.035,462.4,452.0,453.49,1565783.0
2026-05-08 04:00:00,454.31,454.32,447.0,450.06,2405446.0
2026-05-11 04:00:00,446.91,448.75,417.74,420.06,4041248.0
2026-05-12 04:00:00,425.0,435.56,420.0,431.87,2355196.0
2026-05-13 04:00:00,430.96,438.78,426.66,432.27,1999755.0
2026-05-14 04:00:00,432.0,434.91,426.53,428.06,2174961.0
2026-05-15 04:00:00,430.0,431.98,420.56,421.12,2378454.0
2026-05-18 04:00:00,421.955,440.61,421.955,439.92,2123148.0
2026-05-19 04:00:00,440.8,447.8,436.39,441.58,2801690.0
2026-05-20 04:00:00,440.38,449.77,434.5,449.03,1740179.0
2026-05-21 04:00:00,446.205,447.57,435.15,439.8,2091317.0
2026-05-22 04:00:00,439.495,443.8599,434.77,438.1,2012959.0
2026-05-26 04:00:00,439.42,442.94,434.15,436.64,1694247.0
2026-05-27 04:00:00,432.22,439.2,414.3,418.55,3131214.0
2026-05-28 04:00:00,419.575,425.0,414.75,423.63,2188171.0
2026-05-29 04:00:00,423.79,426.81,419.83,424.64,3444630.0
2026-06-01 04:00:00,420.465,423.9499,411.83,412.26,3039379.0
2026-06-02 04:00:00,408.5,414.0,396.68,402.3,3992110.0
2026-06-03 04:00:00,400.495,407.85,399.44,407.29,2654580.0
2026-06-04 04:00:00,413.86,423.5,412.62,418.82,2356624.0
2026-06-05 04:00:00,420.0,428.46,419.5,422.06,2778722.0
2026-06-08 04:00:00,422.535,424.3851,417.14,418.61,2183466.0
2026-06-09 04:00:00,421.13,430.85,417.55,426.61,2275952.0
2026-06-10 04:00:00,424.14,426.2,411.92,412.02,2007758.0
2026-06-11 04:00:00,412.16,416.1899,406.82,412.9,2001033.0
2026-06-12 04:00:00,415.01,415.76,402.73,411.06,1780495.0
2026-06-15 04:00:00,412.94,420.59,412.88,416.55,2604658.0
2026-06-16 04:00:00,419.0,422.46,412.93,417.07,1847738.0
2026-06-17 04:00:00,415.0,418.24,400.1,402.18,2242840.0
2026-06-18 04:00:00,403.6,409.64,400.93,406.78,4406808.0
2026-06-22 04:00:00,401.33,408.5346,399.5001,402.95,2684366.0
2026-06-23 04:00:00,403.25,407.33,399.29,403.18,2708084.0
2026-06-24 04:00:00,406.0,412.54,400.12,401.83,2441245.0
2026-06-25 04:00:00,403.21,412.47,398.89,399.69,2824041.0
2026-06-26 04:00:00,399.48,409.78,399.29,404.7,3415893.0
2026-06-29 04:00:00,409.68,415.99,405.141,405.97,2331457.0
2026-06-30 04:00:00,405.41,406.5599,397.52,397.68,2589017.0
2026-07-01 04:00:00,403.0,408.62,399.985,402.38,1948384.0
2026-07-02 04:00:00,409.81,426.02,406.47,426.01,3147452.0
2026-07-06 04:00:00,428.93,440.17,420.51,432.83,3418620.0
2026-07-07 04:00:00,439.5,443.84,424.86,427.3,2496011.0
2026-07-08 04:00:00,427.3,428.47,414.59,415.1,1618120.0
2026-07-09 04:00:00,415.1,416.25,409.0,411.55,1956839.0
2026-07-10 04:00:00,412.9,415.91,403.2501,406.78,1863683.0
2026-07-13 04:00:00,407.26,414.58,406.82,407.12,1805003.0
2026-07-14 04:00:00,396.1,397.38,378.5,379.5,5755955.0
2026-07-15 04:00:00,378.55,393.96,378.5,388.97,4145267.0
2026-07-16 04:00:00,394.0,405.5,393.675,402.33,5668116.0
2026-07-17 04:00:00,365.025,367.74,344.55,345.42,11578576.0
2026-07-20 04:00:00,347.01,355.08,342.1,353.17,5722158.0
2026-07-21 04:00:00,347.01,362.85,347.0,350.06,5164749.0
2026-07-22 04:00:00,351.86,355.0,340.61,340.69,4569387.0
2026-07-23 04:00:00,338.5,340.55,328.57,332.02,4898243.0
2026-07-24 04:00:00,334.6,341.83,332.15,337.5,3440527.0
2026-07-27 04:00:00,344.0,359.2599,343.39,356.83,5125216.0
2026-07-28 04:00:00,365.5,374.7,360.48,361.8,4091628.0
2026-07-29 04:00:00,361.455,361.8,351.94,353.1,2741307.0
2026-07-30 04:00:00,346.83,355.06,346.45,352.97,2776693.0
2026-07-31 04:00:00,350.77,355.093,348.88,353.33,2464848.0
2026-08-03 04:00:00,361.755,375.85,360.98,375.41,3506269.0
2026-08-04 04:00:00,376.31,376.31,364.26,368.265,3943540.0
2026-08-05 04:00:00,372.8,376.625,369.4801,375.2,3289233.0
2026-08-06 04:00:00,374.39,378.6399,371.68,373.71,2597503.0
2026-08-07 04:00:00,374.55,379.9,372.6325,378.81,2469190.0
2026-08-10 04:00:00,379.24,393.63,378.0,393.38,3225888.0
2026-08-11 04:00:00,392.22,402.14,392.22,401.23,4126896.0
2026-08-12 04:00:00,403.81,404.98,397.17,401.27,3145431.0
2026-08-13 04:00:00,403.72,404.69,398.0,401.27,2358405.0
2026-08-14 04:00:00,401.02,402.46,394.06,394.51,1989241.0
2026-08-17 04:00:00,392.1,396.99,389.67,390.33,2162745.0
2026-08-18 04:00:00,394.0,399.8745,390.84,391.18,2388015.0
2026-08-19 04:00:00,394.55,405.34,394.0,397.72,2127888.0
2026-08-20 04:00:00,397.225,398.99,372.6,374.48,3972804.0
2026-08-21 04:00:00,375.125,382.04,367.24,378.81,2013982.0
2026-08-24 04:00:00,379.25,384.06,373.48,373.57,1524719.0
2026-08-25 04:00:00,375.25,378.23,367.0701,371.84,1771622.0
2026-08-26 04:00:00,368.49,372.372,366.73,370.42,1668817.0
